"0","library(skimr)"
"2","Registered S3 methods overwritten by 'htmltools':
  method               from         
  print.html           tools:rstudio
  print.shiny.tag      tools:rstudio
  print.shiny.tag.list tools:rstudio
"
"0","library(ramify)"
"2","
Attaching package: ‘ramify’

"
"2","The following object is masked from ‘package:graphics’:

    clip

"
"0","library(tidymodels)"
"2","[37m-- [1mAttaching packages[22m -------------------------------------------------------------- tidymodels 0.1.2 --[39m
"
"2","[37m[32mv[37m [34mbroom    [37m 0.7.2      [32mv[37m [34mrecipes  [37m 0.1.15
[32mv[37m [34mdials    [37m 0.0.9      [32mv[37m [34mrsample  [37m 0.0.8 
[32mv[37m [34mdplyr    [37m 1.0.2      [32mv[37m [34mtibble   [37m 3.0.4 
[32mv[37m [34mggplot2  [37m 3.3.2      [32mv[37m [34mtidyr    [37m 1.1.2 
[32mv[37m [34minfer    [37m 0.5.3      [32mv[37m [34mtune     [37m 0.1.2 
[32mv[37m [34mmodeldata[37m 0.1.0      [32mv[37m [34mworkflows[37m 0.2.1 
[32mv[37m [34mparsnip  [37m 0.1.4      [32mv[37m [34myardstick[37m 0.0.7 
[32mv[37m [34mpurrr    [37m 0.3.4      [39m
"
"2","[37m-- [1mConflicts[22m ----------------------------------------------------------------- tidymodels_conflicts() --
[31mx[37m [34mpurrr[37m::[32mdiscard()[37m masks [34mscales[37m::discard()
[31mx[37m [34mtidyr[37m::[32mfill()[37m    masks [34mramify[37m::fill()
[31mx[37m [34mdplyr[37m::[32mfilter()[37m  masks [34mstats[37m::filter()
[31mx[37m [34mpurrr[37m::[32mflatten()[37m masks [34mramify[37m::flatten()
[31mx[37m [34mdplyr[37m::[32mlag()[37m     masks [34mstats[37m::lag()
[31mx[37m [34mrecipes[37m::[32mstep()[37m  masks [34mstats[37m::step()[39m
"
